[
	{
		"fields": {
			"name": "departments",
			"codename": "d",
			"model": "Departments",
			"order": 1
		},
		"sub_actions": [
			{ "code": "c", "name": "Create" },
			{ "code": "d", "name": "Delete" },
			{ "code": "v", "name": "View" },
			{ "code": "u", "name": "Update" },
			{ "code": "e", "name": "Export" }
		]
	},
	{
		"fields": {
			"name": "projects",
			"codename": "p",
			"model": "Projects",
			"order": 2
		},
		"sub_actions": [
			{ "code": "c", "name": "Create" },
			{ "code": "d", "name": "Delete" },
			{ "code": "v", "name": "View" },
			{ "code": "u", "name": "Update" },
			{ "code": "m", "name": "Member" },
			{ "code": "e", "name": "Export" }
		]
	},
	{
		"fields": {
			"name": "my_projects",
			"codename": "mp",
			"model": "My Projects",
			"order": 3
		},
		"sub_actions": [{ "code": "e", "name": "Export" }]
	},
	{
		"fields": {
			"name": "project_attachments",
			"codename": "pa",
			"model": "Project Attachments",
			"order": 4
		},
		"sub_actions": [
			{ "code": "c", "name": "Create" },
			{ "code": "d", "name": "Delete" },
			{ "code": "v", "name": "View" },
			{ "code": "do", "name": "Download" }
		]
	},
	{
		"fields": {
			"name": "project_comments",
			"codename": "pco",
			"model": "Project Comments",
			"order": 5
		},
		"sub_actions": [
			{ "code": "c", "name": "Create" },
			{ "code": "v", "name": "View" }
		]
	},
	{
		"fields": {
			"name": "project_tasks",
			"codename": "pt",
			"model": "Project Tasks",
			"order": 6
		},
		"sub_actions": [
			{ "code": "c", "name": "Create" },
			{ "code": "d", "name": "Delete" },
			{ "code": "v", "name": "View" },
			{ "code": "u", "name": "Update" },
			{ "code": "m", "name": "Member" },
			{ "code": "e", "name": "Export" }
		]
	},
	{
		"fields": {
			"name": "task_comments",
			"codename": "tc",
			"model": "Task Comments",
			"order": 7
		},
		"sub_actions": [
			{ "code": "c", "name": "Create" },
			{ "code": "v", "name": "View" }
		]
	},
	{
		"fields": {
			"name": "task_attachments",
			"codename": "tat",
			"model": "Task Attachments",
			"order": 8
		},
		"sub_actions": [
			{ "code": "c", "name": "Create" },
			{ "code": "d", "name": "Delete" },
			{ "code": "v", "name": "View" },
			{ "code": "do", "name": "Download" }
		]
	},
	{
		"fields": {
			"name": "project_incomes",
			"codename": "pi",
			"model": "Project Incomes",
			"order": 9
		},
		"sub_actions": [
			{ "code": "c", "name": "Create" },
			{ "code": "d", "name": "Delete" },
			{ "code": "v", "name": "View" },
			{ "code": "u", "name": "Update" }
		]
	},
	{
		"fields": {
			"name": "income_attachments",
			"codename": "ia",
			"model": "Income Attachments",
			"order": 10
		},
		"sub_actions": [
			{ "code": "c", "name": "Create" },
			{ "code": "d", "name": "Delete" },
			{ "code": "v", "name": "View" },
			{ "code": "do", "name": "Download" }
		]
	},
	{
		"fields": {
			"name": "project_expenses",
			"codename": "pe",
			"model": "Project Expenses",
			"order": 11
		},
		"sub_actions": [
			{ "code": "c", "name": "Create" },
			{ "code": "d", "name": "Delete" },
			{ "code": "v", "name": "View" },
			{ "code": "u", "name": "Update" }
		]
	},
	{
		"fields": {
			"name": "expense_attachments",
			"codename": "ea",
			"model": "Expense Attachments",
			"order": 12
		},
		"sub_actions": [
			{ "code": "c", "name": "Create" },
			{ "code": "d", "name": "Delete" },
			{ "code": "v", "name": "View" },
			{ "code": "do", "name": "Download" }
		]
	},
	{
		"fields": {
			"name": "project_focal_points",
			"codename": "pf",
			"model": "Project Focal Points",
			"order": 13
		},
		"sub_actions": [
			{ "code": "c", "name": "Create" },
			{ "code": "d", "name": "Delete" },
			{ "code": "v", "name": "View" },
			{ "code": "u", "name": "Update" }
		]
	},
	{
		"fields": {
			"name": "users",
			"codename": "u",
			"model": "Users",
			"order": 14
		},
		"sub_actions": [
			{ "code": "c", "name": "Create" },
			{ "code": "d", "name": "Delete" },
			{ "code": "v", "name": "View" },
			{ "code": "u", "name": "Update" },
			{ "code": "e", "name": "Export" }
		]
	},
	{
		"fields": {
			"name": "teams",
			"codename": "t",
			"model": "Teams",
			"order": 15
		},
		"sub_actions": [
			{ "code": "c", "name": "Create" },
			{ "code": "d", "name": "Delete" },
			{ "code": "v", "name": "View" },
			{ "code": "u", "name": "Update" },
			{ "code": "e", "name": "Export" }
		]
	},
	{
		"fields": {
			"name": "reminders",
			"codename": "r",
			"model": "Reminders and Notes",
			"order": 16
		},
		"sub_actions": [
			{ "code": "c", "name": "Create" },
			{ "code": "d", "name": "Delete" },
			{ "code": "v", "name": "View" },
			{ "code": "u", "name": "Update" }
		]
	},
	{
		"fields": {
			"name": "roles",
			"codename": "ro",
			"model": "Roles",
			"order": 17
		},
		"sub_actions": [
			{ "code": "c", "name": "Create" },
			{ "code": "d", "name": "Delete" },
			{ "code": "v", "name": "View" },
			{ "code": "u", "name": "Update" },
			{ "code": "e", "name": "Export" }
		]
	},
	{
		"fields": {
			"name": "stages",
			"codename": "s",
			"model": "Stages",
			"order": 18
		},
		"sub_actions": [
			{ "code": "c", "name": "Create" },
			{ "code": "d", "name": "Delete" },
			{ "code": "v", "name": "View" },
			{ "code": "u", "name": "Update" }
		]
	},
	{
		"fields": {
			"name": "sub_stages",
			"codename": "sub",
			"model": "Sub Stages",
			"order": 19
		},
		"sub_actions": [
			{ "code": "c", "name": "Create" },
			{ "code": "d", "name": "Delete" },
			{ "code": "v", "name": "View" },
			{ "code": "u", "name": "Update" }
		]
	},
	{
		"fields": {
			"name": "clients",
			"codename": "cl",
			"model": "Clients",
			"order": 20
		},
		"sub_actions": [
			{ "code": "c", "name": "Create" },
			{ "code": "d", "name": "Delete" },
			{ "code": "v", "name": "View" },
			{ "code": "u", "name": "Update" },
			{ "code": "e", "name": "Export" }
		]
	},
	{
		"fields": {
			"name": "products",
			"codename": "pr",
			"model": "Products",
			"order": 21
		},
		"sub_actions": [
			{ "code": "c", "name": "Create" },
			{ "code": "d", "name": "Delete" },
			{ "code": "v", "name": "View" },
			{ "code": "u", "name": "Update" },
			{ "code": "e", "name": "Export" }
		]
	},
	{
		"fields": {
			"name": "services",
			"codename": "se",
			"model": "Services",
			"order": 22
		},
		"sub_actions": [
			{ "code": "c", "name": "Create" },
			{ "code": "d", "name": "Delete" },
			{ "code": "v", "name": "View" },
			{ "code": "u", "name": "Update" },
			{ "code": "e", "name": "Export" }
		]
	},
	{
		"fields": {
			"name": "trashes",
			"codename": "tr",
			"model": "Trashes",
			"order": 23
		},
		"sub_actions": [
			{ "code": "r", "name": "Restore" },
			{ "code": "d", "name": "Delete" },
			{ "code": "v", "name": "View" }
		]
	}
]
