[
	{
		"fields": {
			"name": "projects",
			"codename": "p",
			"model": "Projects",
			"order": 1
		},
		"sub_actions": [
			{ "code": "u", "name": "Update" },
			{ "code": "m", "name": "Member" },
			{ "code": "e", "name": "Export" }
		]
	},
	{
		"fields": {
			"name": "project_tasks",
			"codename": "pt",
			"model": "Project Tasks",
			"order": 2
		},
		"sub_actions": [
			{ "code": "c", "name": "Create" },
			{ "code": "d", "name": "Delete" },
			{ "code": "v", "name": "View" },
			{ "code": "u", "name": "Update" },
			{ "code": "m", "name": "Member" },
			{ "code": "e", "name": "Export" }
		]
	},
	{
		"fields": {
			"name": "project_attachments",
			"codename": "pa",
			"model": "Project Attachments",
			"order": 3
		},
		"sub_actions": [
			{ "code": "c", "name": "Create" },
			{ "code": "d", "name": "Delete" },
			{ "code": "v", "name": "View" },
			{ "code": "do", "name": "Download" }
		]
	},
	{
		"fields": {
			"name": "task_attachments",
			"codename": "tat",
			"model": "Task Attachments",
			"order": 4
		},
		"sub_actions": [
			{ "code": "c", "name": "Create" },
			{ "code": "d", "name": "Delete" },
			{ "code": "v", "name": "View" },
			{ "code": "do", "name": "Download" }
		]
	},
	{
		"fields": {
			"name": "project_comments",
			"codename": "pco",
			"model": "Project Comments",
			"order": 5
		},
		"sub_actions": [
			{ "code": "c", "name": "Create" },
			{ "code": "v", "name": "View" }
		]
	},
	{
		"fields": {
			"name": "task_comments",
			"codename": "tc",
			"model": "Task Comments",
			"order": 6
		},
		"sub_actions": [
			{ "code": "c", "name": "Create" },
			{ "code": "v", "name": "View" }
		]
	},
	{
		"fields": {
			"name": "project_incomes",
			"codename": "pi",
			"model": "Project Incomes",
			"order": 7
		},
		"sub_actions": [
			{ "code": "c", "name": "Create" },
			{ "code": "d", "name": "Delete" },
			{ "code": "v", "name": "View" },
			{ "code": "u", "name": "Update" }
		]
	},
	{
		"fields": {
			"name": "project_focal_points",
			"codename": "pf",
			"model": "Project Focal Points",
			"order": 8
		},
		"sub_actions": [
			{ "code": "c", "name": "Create" },
			{ "code": "d", "name": "Delete" },
			{ "code": "v", "name": "View" },
			{ "code": "u", "name": "Update" }
		]
	},
	{
		"fields": {
			"name": "project_expenses",
			"codename": "pe",
			"model": "Project Expenses",
			"order": 9
		},
		"sub_actions": [
			{ "code": "c", "name": "Create" },
			{ "code": "d", "name": "Delete" },
			{ "code": "v", "name": "View" },
			{ "code": "u", "name": "Update" }
		]
	},
	{
		"fields": {
			"name": "income_attachments",
			"codename": "ia",
			"model": "Income Attachments",
			"order": 11
		},
		"sub_actions": [
			{ "code": "c", "name": "Create" },
			{ "code": "d", "name": "Delete" },
			{ "code": "v", "name": "View" },
			{ "code": "do", "name": "Download" }
		]
	},
	{
		"fields": {
			"name": "expense_attachments",
			"codename": "ea",
			"model": "Expense Attachments",
			"order": 12
		},
		"sub_actions": [
			{ "code": "c", "name": "Create" },
			{ "code": "d", "name": "Delete" },
			{ "code": "v", "name": "View" },
			{ "code": "do", "name": "Download" }
		]
	}
]
